handle,asset,role,production_status,note
lather-me-up,pdp-lather-1.jpg,primary PDP image,approved,"bottle on stone, correct +1 lockup"
lather-me-up,pdp-lather-2.jpg,secondary PDP image,approved,lather texture on bottle
lather-me-up,material-lather-desktop.jpg,homepage material (desktop),approved,"2.png pre-cropped: lockup + product name, bottom claim sentence removed ('stimulerar hårbotten')"
lather-me-up,material-lather-mobile.jpg,homepage material (mobile),approved,clean text-free crop of 2.png
mist-me-crazy,pdp-mist-1.jpg,primary PDP image,approved-owner-decision,"label reads 'MIST ME E CRAZY' — accepted as-is by owner 2026-08-31; re-render welcome, not required"
mist-me-crazy,pdp-mist-2.jpg,secondary PDP image,approved-owner-decision,"label reads 'MIST ME E CRAZY' — accepted as-is by owner 2026-08-31; re-render welcome, not required"
mist-me-crazy,material-mist-desktop.jpg,homepage material (desktop),approved,"5.png pre-cropped: lockup + product name, bottom line removed for consistency"
mist-me-crazy,material-mist-mobile.jpg,homepage material (mobile),approved,clean text-free crop of 3.png
whip-me-good,pdp-whip-1.jpg,primary PDP image,approved,JAR is canonical +3 representation
whip-me-good,material-whip-desktop.jpg,homepage material (desktop),approved,"4.png pre-cropped: lockup + product name, bottom claim removed ('stödjer läkning')"
whip-me-good,material-whip-mobile.jpg,homepage material (mobile),approved,clean text-free crop of 4.png
whip-me-good,ritual-combo.jpg,unused,excluded-unconfirmed-pump,contains unconfirmed cream pump bottle — never as +3 imagery
the-ritual,ritual-group.jpg,bundle background,approved,"pump shampoo + spray + jar, candle"
borste,pdp-brush.jpg,primary PDP image,approved-accessory,"render on stone, plain wordmark"
borste,pdp-brush-photo.jpg,secondary PDP image,approved-accessory,real product photo IMG_3136
brand,nexo-logo-black.svg,wordmark,approved,supplied variant
brand,nexo-logo-white.svg,wordmark,approved,supplied variant
brand,nexo-logo-griege.svg,wordmark,approved,supplied variant
brand,nexo-logo-current.svg,wordmark,approved,supplied variant
brand,buda-light.woff2,display font,approved,self-hosted
